first_seen_utc,url,listing_id,booking_id,review_date_utc,rating,reviewer,reviewer_booking_count,comment,owner_reply,owner_reply_date
2026-07-03T20:41:14Z,https://truckparkingclub.com/truck-parking/louisiana/baton-rouge/14015-florida-blvd-70819,9125,527741,2026-06-15T14:46:38.000Z,3,Michael T,36,Big potholes ,,
2026-07-03T20:41:14Z,https://truckparkingclub.com/truck-parking/louisiana/baton-rouge/14015-florida-blvd-70819,9125,527498,2026-06-19T22:56:41.000Z,4,James W,7,C,,
2026-07-03T20:41:14Z,https://truckparkingclub.com/truck-parking/louisiana/baton-rouge/14015-florida-blvd-70819,9125,521238,2026-06-11T12:12:52.000Z,5,Bryan G,13,Its a good location. Minus the huge holes.,,
2026-07-03T20:41:14Z,https://truckparkingclub.com/truck-parking/louisiana/baton-rouge/14015-florida-blvd-70819,9125,494412,2026-05-28T13:16:20.000Z,5,Jerry J,3850,Great,,
2026-07-03T20:41:14Z,https://truckparkingclub.com/truck-parking/louisiana/baton-rouge/14015-florida-blvd-70819,9125,497474,2026-05-25T17:32:11.000Z,3,Michael T,36,Holes ,,
2026-07-03T20:41:14Z,https://truckparkingclub.com/truck-parking/louisiana/baton-rouge/14015-florida-blvd-70819,9125,498346,2026-06-08T04:30:29.000Z,4,Nick S,28,"All good.  Thank you.   Front gate repaired, pot hops still intense, but ok.  Weve also rented a storage space from this location, very helpful that both are in the same facility.   Thank you.  ",,
2026-07-03T20:41:14Z,https://truckparkingclub.com/truck-parking/louisiana/baton-rouge/14015-florida-blvd-70819,9125,495096,2026-05-22T09:35:12.000Z,4,Bryan G,13,The yard is muddy with big holes. But its in a good spot. ,,
2026-07-03T20:41:14Z,https://truckparkingclub.com/truck-parking/louisiana/baton-rouge/14015-florida-blvd-70819,9125,492551,2026-05-20T22:06:04.000Z,1,Bryan G,13,.,,
2026-07-03T20:41:14Z,https://truckparkingclub.com/truck-parking/louisiana/baton-rouge/14015-florida-blvd-70819,9125,491597,2026-05-21T15:17:17.000Z,5,Jerry J,3850,Great,,
2026-07-03T20:41:14Z,https://truckparkingclub.com/truck-parking/louisiana/baton-rouge/14015-florida-blvd-70819,9125,487937,2026-05-19T13:24:45.000Z,5,Jerry J,3850,great,,
2026-07-03T20:41:14Z,https://truckparkingclub.com/truck-parking/louisiana/baton-rouge/14015-florida-blvd-70819,9125,487693,2026-05-25T15:41:54.000Z,3,Michael T,36,To many holes ,,
2026-07-03T20:41:14Z,https://truckparkingclub.com/truck-parking/louisiana/baton-rouge/14015-florida-blvd-70819,9125,484031,2026-05-19T13:00:54.000Z,5,Bryan G,13,Like the app!,,
2026-07-03T20:41:14Z,https://truckparkingclub.com/truck-parking/louisiana/baton-rouge/14015-florida-blvd-70819,9125,482264,2026-05-13T13:31:53.000Z,5,Bryan G,13,Very fast. Easy rental,,
2026-07-03T20:41:14Z,https://truckparkingclub.com/truck-parking/louisiana/baton-rouge/14015-florida-blvd-70819,9125,482147,2026-05-13T12:09:24.000Z,1,Hector M,5,"The place is full of holes, I booked when it had rain so you cant tell how deep the holes are until you venture into the lot, the terrain is muddy too. One might get stuck park if you must but O wouldnt recommend.",,
2026-07-03T20:41:14Z,https://truckparkingclub.com/truck-parking/louisiana/baton-rouge/14015-florida-blvd-70819,9125,480680,2026-05-12T13:34:58.000Z,5,Bryan G,13,Easy set up and easy booking! ,,
2026-07-03T20:41:14Z,https://truckparkingclub.com/truck-parking/louisiana/baton-rouge/14015-florida-blvd-70819,9125,459673,2026-04-30T22:27:09.000Z,2,Nick S,28,Drive way: Very deep hopes ELECTRIC GATE ALWAYS OPENCARS CRUISING INSIDE THE LOTNO EMERGENCY CONTACT,,
2026-07-03T20:41:14Z,https://truckparkingclub.com/truck-parking/louisiana/baton-rouge/14015-florida-blvd-70819,9125,447768,2026-04-20T09:57:48.000Z,2,Joseph W,10,Secure parking. But the potholes are ridiculously deep. ,,
2026-07-03T20:41:14Z,https://truckparkingclub.com/truck-parking/louisiana/baton-rouge/14015-florida-blvd-70819,9125,443118,2026-04-16T18:50:50.000Z,5,Marquis J,6,Great safe and secure parking location,,
2026-07-03T20:41:14Z,https://truckparkingclub.com/truck-parking/louisiana/baton-rouge/14015-florida-blvd-70819,9125,443348,2026-04-14T20:08:32.000Z,5,Daniel C,1315,great place,,
2026-07-03T20:41:14Z,https://truckparkingclub.com/truck-parking/louisiana/baton-rouge/14015-florida-blvd-70819,9125,420953,2026-04-02T19:12:53.000Z,5,Henry A,298,w,,
2026-07-03T20:41:14Z,https://truckparkingclub.com/truck-parking/louisiana/baton-rouge/14015-florida-blvd-70819,9125,424457,2026-03-30T00:16:32.000Z,5,Cristian R,3,Good area ,,
2026-07-03T20:41:14Z,https://truckparkingclub.com/truck-parking/louisiana/baton-rouge/14015-florida-blvd-70819,9125,400965,2026-03-15T20:00:39.000Z,5,wensheng z,11,very good,,
2026-07-03T20:41:14Z,https://truckparkingclub.com/truck-parking/louisiana/baton-rouge/14015-florida-blvd-70819,9125,335252,2026-01-20T16:30:59.986Z,5,Sergiy S,5,Bad pavement ,,
2026-07-03T20:41:14Z,https://truckparkingclub.com/truck-parking/louisiana/baton-rouge/14015-florida-blvd-70819,9125,328831,2025-12-30T22:17:09.574Z,5,Raven C,9,Easy access,,
2026-07-03T20:41:14Z,https://truckparkingclub.com/truck-parking/louisiana/baton-rouge/17912-sotile-dr-70809,7748,335993,2026-01-07T04:49:17.187Z,1,Jakari H,1,Damn near impossible to get to with semi truck and trailer bobtail yes its doable. But definitely need to not have parking there at all. Dirt lot super small definitely not enough space for 3 trucks to park 2 at most,,
2026-07-03T20:41:14Z,https://truckparkingclub.com/truck-parking/louisiana/baton-rouge/10455-reiger-rd-70809,8388,470388,2026-05-17T20:07:48.000Z,5,Taiwan S,9,Great spot ,,
2026-07-03T20:41:14Z,https://truckparkingclub.com/truck-parking/louisiana/baton-rouge/10455-reiger-rd-70809,8388,454483,2026-04-23T00:59:02.000Z,3,Terry L,1,The layout is a little confusing. But it is a great concept for parking ,,
2026-07-03T20:41:14Z,https://truckparkingclub.com/truck-parking/louisiana/baton-rouge/10455-reiger-rd-70809,8388,454790,2026-05-01T18:26:13.000Z,5,Taiwan S,9,Great location ,,
2026-07-03T20:41:14Z,https://truckparkingclub.com/truck-parking/louisiana/baton-rouge/10455-reiger-rd-70809,8388,428027,2026-04-02T14:12:40.000Z,4,Matthew P,8,"First off, its an active cheaper motel and everything that is implied comes with it. People walking around near the truck all hours. I woke up to a random filled shopping cart not 10 feet from the front of my truck. Also, there is no signage anywhere stating its a truck parking club location. Other than that, property has good pavement and plenty of room to maneuver your semitruck. Its cheap enough that I would stay again if need be. ",,
2026-07-03T20:41:14Z,https://truckparkingclub.com/truck-parking/louisiana/baton-rouge/10455-reiger-rd-70809,8388,382661,2026-02-27T22:45:13.981Z,5,Patrick G,1,"Parking in a motel , close to a lot of restaurants",,
2026-07-03T20:41:14Z,https://truckparkingclub.com/truck-parking/louisiana/baton-rouge/10455-reiger-rd-70809,8388,377034,2026-02-17T16:36:53.927Z,3,Delisa M,30,This was a decent place to park ,,
2026-07-03T20:41:14Z,https://truckparkingclub.com/truck-parking/louisiana/baton-rouge/10455-reiger-rd-70809,8388,375465,2026-02-17T16:36:21.145Z,3,Delisa M,30,It was decent place to park ,,
2026-07-03T20:41:14Z,https://truckparkingclub.com/truck-parking/louisiana/baton-rouge/10455-reiger-rd-70809,8388,356980,2026-01-29T06:19:23.200Z,3,Joe C,4,Parking lot is deceiving you can not drive around the building.  Luckily I have a short sleeper because the u turn was very tight limited space ,,
2026-07-03T20:41:14Z,https://truckparkingclub.com/truck-parking/louisiana/baton-rouge/10455-reiger-rd-70809,8388,369096,2026-02-10T17:45:31.940Z,5,Justin R,70,Cannot drive around the building but its well located level and quiet. Would definitely use again.,,
2026-07-03T20:41:14Z,https://truckparkingclub.com/truck-parking/louisiana/baton-rouge/10455-reiger-rd-70809,8388,317236,2025-12-19T16:28:38.133Z,5,Anchy K,1231,Great,,
2026-07-03T20:41:14Z,https://truckparkingclub.com/truck-parking/louisiana/baton-rouge/10455-reiger-rd-70809,8388,301950,2025-12-04T02:35:57.984Z,5,Joel S,5,"It was a great, I parked my truck and no ones bother at all!! Thanks!!",,
2026-07-03T20:41:14Z,https://truckparkingclub.com/truck-parking/louisiana/baton-rouge/2392-e-smiley-ave-70806,3966,416854,2026-03-24T22:40:22.000Z,5,Taiwan S,9,Very Convenient and is definitely gonna be my new spot when Im in town ,,
2026-07-03T20:41:14Z,https://truckparkingclub.com/truck-parking/louisiana/baton-rouge/2392-e-smiley-ave-70806,3966,385162,2026-03-24T04:23:22.000Z,5,Shubham K,14,ok,,
2026-07-03T20:41:14Z,https://truckparkingclub.com/truck-parking/louisiana/baton-rouge/2392-e-smiley-ave-70806,3966,410599,2026-03-20T21:42:57.000Z,5,Mi-Rayah W,12,Always my favorite place,,
2026-07-03T20:41:14Z,https://truckparkingclub.com/truck-parking/louisiana/baton-rouge/2392-e-smiley-ave-70806,3966,373940,2026-02-21T06:07:18.244Z,5,Mi-Rayah W,12,Best place Ive parked at its quiet ,,
2026-07-03T20:41:14Z,https://truckparkingclub.com/truck-parking/louisiana/baton-rouge/2392-e-smiley-ave-70806,3966,373769,2026-02-14T11:27:24.761Z,5,Mi-Rayah W,12,A lot of space to back in. ,,
2026-07-03T20:41:14Z,https://truckparkingclub.com/truck-parking/louisiana/baton-rouge/2392-e-smiley-ave-70806,3966,317816,2025-12-26T23:00:40.816Z,5,Michael T,36,Ok,,
2026-07-03T20:41:14Z,https://truckparkingclub.com/truck-parking/louisiana/baton-rouge/2392-e-smiley-ave-70806,3966,320648,2025-12-24T01:38:00.511Z,5,James F,3,,,
2026-07-03T20:41:14Z,https://truckparkingclub.com/truck-parking/louisiana/baton-rouge/2392-e-smiley-ave-70806,3966,316762,2025-12-19T01:01:54.221Z,5,Michael T,36,Great ,,
2026-07-03T20:41:14Z,https://truckparkingclub.com/truck-parking/louisiana/baton-rouge/2392-e-smiley-ave-70806,3966,315743,2025-12-18T01:02:48.270Z,5,Michael T,36,Great ,,
2026-07-03T20:41:14Z,https://truckparkingclub.com/truck-parking/louisiana/baton-rouge/2392-e-smiley-ave-70806,3966,314813,2025-12-18T01:07:46.040Z,5,Michael T,36,Great and convenient ,,
2026-07-03T20:41:14Z,https://truckparkingclub.com/truck-parking/louisiana/baton-rouge/2392-e-smiley-ave-70806,3966,311223,2025-12-15T15:04:42.014Z,5,Michael T,36,It was great easy to find and convenient ,,
2026-07-03T20:41:14Z,https://truckparkingclub.com/truck-parking/louisiana/baton-rouge/2392-e-smiley-ave-70806,3966,279451,2025-11-11T16:59:43.795Z,5,James S,6,Easy to get to. Solid surface. Will use again,,
2026-07-03T20:41:14Z,https://truckparkingclub.com/truck-parking/louisiana/baton-rouge/2392-e-smiley-ave-70806,3966,215942,2025-08-28T15:08:11.608Z,5,James F,3,It located in a very quiet area of a neighborhood on the outskirts of it. It has plenty room for you to back into spot. Will be parking here again whenever Im in the area ,,
2026-07-03T20:41:14Z,https://truckparkingclub.com/truck-parking/louisiana/baton-rouge/2392-e-smiley-ave-70806,3966,188862,2025-07-23T16:04:07.289Z,5,Vernon T,235,This is a great spot in Baton Rouge ,,
2026-07-03T20:41:14Z,https://truckparkingclub.com/truck-parking/louisiana/baton-rouge/2392-e-smiley-ave-70806,3966,170570,2025-06-26T22:34:20.472Z,5,Paul K,1,Good clean parking. Quiet area. Easy to get in and out ,,
2026-07-03T20:41:14Z,https://truckparkingclub.com/truck-parking/louisiana/baton-rouge/2392-e-smiley-ave-70806,3966,149288,2025-05-23T05:07:24.395Z,4,Dave W,35,"This lot is not very big just  back in,its a quiet area safe place to get some rest or sleep  ",,
2026-07-03T20:41:14Z,https://truckparkingclub.com/truck-parking/louisiana/baton-rouge/7875-greenwell-springs-rd-70814,8912,370954,2026-04-11T18:10:25.000Z,5,Yalitza N,84,Good parking,,
2026-07-03T20:41:14Z,https://truckparkingclub.com/truck-parking/louisiana/baton-rouge/7875-greenwell-springs-rd-70814,8912,370953,2026-04-09T10:53:01.000Z,5,Yalitza N,84,Great spot no complaints,,
2026-07-03T20:41:14Z,https://truckparkingclub.com/truck-parking/louisiana/baton-rouge/7802-howell-blvd-70807,5022,524454,2026-06-16T12:55:18.000Z,4,Levi P,15,The signs at the actually lot need to be moved so we know where exactly yo turn in. Would be tight if full trying to back in but I was the only truck there. Was quiet and very dark. ,,
2026-07-03T20:41:14Z,https://truckparkingclub.com/truck-parking/louisiana/baton-rouge/7802-howell-blvd-70807,5022,412756,2026-04-08T12:56:34.000Z,5,Brian S,24,2000,,
2026-07-03T20:41:14Z,https://truckparkingclub.com/truck-parking/louisiana/baton-rouge/7802-howell-blvd-70807,5022,405989,2026-03-23T14:13:14.000Z,5,Jerry J,3850,Great!,,
2026-07-03T20:41:14Z,https://truckparkingclub.com/truck-parking/louisiana/baton-rouge/7802-howell-blvd-70807,5022,403477,2026-03-15T14:09:41.000Z,5,Jerry J,3850,Great!,,
2026-07-03T20:41:14Z,https://truckparkingclub.com/truck-parking/louisiana/baton-rouge/7802-howell-blvd-70807,5022,392473,2026-03-03T17:25:41.653Z,5,Vernon T,235,Great spot ,,
2026-07-03T20:41:14Z,https://truckparkingclub.com/truck-parking/louisiana/baton-rouge/7802-howell-blvd-70807,5022,402476,2026-03-11T20:49:19.000Z,5,Jerry J,3850,Great!,,
2026-07-03T20:41:14Z,https://truckparkingclub.com/truck-parking/louisiana/baton-rouge/7802-howell-blvd-70807,5022,354290,2026-01-26T16:33:33.115Z,5,Caleb C,4,Nice and quiet spot and has a few restaurants and gas station very close ,,
2026-07-03T20:41:14Z,https://truckparkingclub.com/truck-parking/louisiana/baton-rouge/7802-howell-blvd-70807,5022,336043,2026-01-13T01:09:33.591Z,3,Jesus O,6,Very thigt spot and needs more illumination,,
2026-07-03T20:41:14Z,https://truckparkingclub.com/truck-parking/louisiana/baton-rouge/7802-howell-blvd-70807,5022,330038,2025-12-31T21:30:50.971Z,5,Anchy K,1231,Great,,
2026-07-03T20:41:14Z,https://truckparkingclub.com/truck-parking/louisiana/baton-rouge/7802-howell-blvd-70807,5022,310412,2025-12-12T17:37:38.132Z,5,Sara D,37,Thus is a nice tucked away spot. Plenty of grass around for the dog to run as well. Hotels within walking distance. This will be my go to for Baton Rouge. ,,
2026-07-03T20:41:14Z,https://truckparkingclub.com/truck-parking/louisiana/baton-rouge/7802-howell-blvd-70807,5022,301539,2025-12-16T14:39:33.677Z,5,Anchy K,1231,Great,,
2026-07-03T20:41:14Z,https://truckparkingclub.com/truck-parking/louisiana/baton-rouge/7802-howell-blvd-70807,5022,227620,2025-09-11T05:00:40.709Z,5,Anthony P,28,"This area is in a remote place,  away from the city. It was quiet and I slept good on my 10 hr break. Hotels and restaurants in walking distance. Owner stopped by and was super cool. ",,
2026-07-03T20:41:14Z,https://truckparkingclub.com/truck-parking/louisiana/baton-rouge/7802-howell-blvd-70807,5022,168775,2025-06-24T20:29:55.359Z,5,William L,14,"IYKYK! Baton Rouge has some bad crime, but not here! If you want a safe place, this is it!  When I arrived there were 4 Local Cop cars here! Made my Spidey Sences go ballistic. However, after visiting with 2 of the towns finest, I learned this is where they hang out especially if its a slow night. (I arrived+- 0230). If its a busy night they said they are still in there every few hours. Sweet!!!Any ways, the access to the lot is very easy and unencumbered. Super quiet and safe.I hope this helps yall on your travels. BTW, its only like 9 miles away from AGHappy Trails yall ",,
2026-07-03T20:41:14Z,https://truckparkingclub.com/truck-parking/louisiana/baton-rouge/7802-howell-blvd-70807,5022,163345,2025-06-16T17:37:51.116Z,3,Marion T,16,Its a good location but no gate or lighting for security. Thieves like the cloak of darkness,,
2026-07-03T20:41:14Z,https://truckparkingclub.com/truck-parking/louisiana/denham-springs/23286-springhill-dr-70726,5506,390575,2026-03-02T06:57:24.872Z,5,Leroy P,48,Great affordable convenient parking ,,
2026-07-03T20:41:14Z,https://truckparkingclub.com/truck-parking/louisiana/denham-springs/23286-springhill-dr-70726,5506,305222,2025-12-13T01:25:41.102Z,5,Leroy P,48,Good,,
2026-07-03T20:41:14Z,https://truckparkingclub.com/truck-parking/louisiana/denham-springs/23286-springhill-dr-70726,5506,312172,2025-12-26T07:07:51.259Z,4,Leroy P,48,Great ,,
2026-07-04T02:48:57Z,https://truckparkingclub.com/truck-parking/louisiana/baton-rouge/14015-florida-blvd-70819,9125,517837,2026-06-19T15:22:42.000Z,3,Colin B,4,I used this lot many times over the years but left when it was sold off!! Went back a year later lot is much cleaner but the holes in the lot is just massive! My semi got stuck in one!! The area where they want you to park is hard to park when its wet back there!! Is it worth the money yes!! But park at your own risk!!,,
2026-07-06T21:04:27Z,https://truckparkingclub.com/truck-parking/louisiana/baton-rouge/7802-howell-blvd-70807,5022,551869,2026-06-22T18:03:47.000Z,4,Precious H,1,Its a place to park but its a bit small to say it allows four truck and trailers to park. Also there are other people parking there and equipment in the circle where we are supposed to park. ,,
2026-07-11T12:08:23Z,https://truckparkingclub.com/truck-parking/louisiana/baton-rouge/7802-howell-blvd-70807,5022,561193,2026-06-27T00:38:37.000Z,5,Kevin J,17,Safe and peaceful ,,
2026-07-12T12:09:41Z,https://truckparkingclub.com/truck-parking/louisiana/baton-rouge/14015-florida-blvd-70819,9125,562350,2026-07-10T22:12:03.000Z,4,James W,7,"Super convenient! Yes, there are lots of large, deep potholes, but at least the lighting is good enough to see them.  ",,
2026-07-14T12:42:02Z,https://truckparkingclub.com/truck-parking/louisiana/baton-rouge/7802-howell-blvd-70807,5022,566752,2026-07-01T10:44:29.000Z,5,Jose B,3,10/10 Id definitely recommend anyone looking for a quiete place to do your 10hr sleeper berth to do it here. Will be booking again when I pass through here again. ,,
2026-07-18T15:17:41Z,https://truckparkingclub.com/truck-parking/louisiana/baton-rouge/2392-e-smiley-ave-70806,3966,574888,2026-07-04T20:23:17.000Z,5,Saundra W,4,Great location. Wish it was fenced in.,,
2026-07-20T22:16:17Z,https://truckparkingclub.com/truck-parking/louisiana/baton-rouge/14015-florida-blvd-70819,9125,576025,2026-07-07T02:02:35.000Z,5,Michael T,41,,,
2026-07-21T03:51:14Z,https://truckparkingclub.com/truck-parking/louisiana/baton-rouge/7802-howell-blvd-70807,5022,594198,2026-07-21T00:32:37.000Z,4,Precious H,2,Its a very convenient place to park in a quiet neighborhood but the owners of the lot definitely need to clean up the space,We will take a look at it and see what needs to be cleaned up,2026-07-21T00:47:21.000Z
